participant_id;age;int_partner_join;auc;video_quality_mean;video_quality_sd;head_rotation_mean;pitch_mean;yaw_mean;n;int_partner_mother;int_partner_father
2;1;1;0,838701219245728;0,605730597312704;0,0493548242583002;6,73799197675651;6,77393000132899;6,70205395218404;1228;1;0
2;1;2;0,888027126579228;0,571662393934288;0,0453839665428203;8,07696775308509;9,85653013954507;6,29740536662510;1187;0;0
3;0;0;0,542113901591026;0,661109161213133;0,0303883121212460;4,63106439839649;4,60013490171397;4,66199389507902;1797;0;1
3;0;2;0,902803420887619;0,640792983159541;0,0328845198198337;5,88864523976173;3,93744814985193;7,83984232967153;1918;0;0
4;0;1;0,764866457946815;0,579485731413613;0,0478295177923190;15,17901808901178;15,03407196878272;15,32396420924084;1528;1;0
4;1;0;0,867455309200460;0,619633354607768;0,0624498487058916;7,51174208461577;7,69156606939909;7,33191809983244;1313;0;1
4;1;1;0,560566249108871;0,558088970422535;0,0506742340617154;13,07797454538732;14,13648155763204;12,01946753314261;1136;1;0
4;1;2;0,880751050132158;0,576193336193029;0,0553695389990072;7,89716007438114;10,55235222422252;5,24196792453977;1119;0;0
5;0;0;0,793063086777222;0,623582638198589;0,0132836419458720;4,03176162639582;5,42447579576343;2,63904745702821;1843;0;1
5;0;1;0,906746586746587;0,622478801910480;0,0136672959698606;3,12568497540639;4,44398654870906;1,80738340210371;1832;1;0
5;0;2;0,776380246259764;0,603683275386997;0,0419370750454351;8,44987188973684;6,72415570930341;10,17558807017028;1292;0;0
5;1;0;0,846399644537722;0,577317766920732;0,0448380206977207;10,35039761046418;12,31847479714939;8,38232042377896;1312;0;1
5;1;1;0,745577942735949;0,568508447074954;0,0551007022079118;11,90652572903931;13,66331330544607;10,14973815263254;1094;1;0
5;1;2;0,968294386156152;0,623326105576441;0,0548695074367605;6,63917953423810;8,60262393607581;4,67573513240038;1596;0;0
6;0;0;0,771222966212576;0,558490325667351;0,0343747237797540;9,51690038601643;13,24724449455852;5,78655627747433;974;0;1
6;0;1;0,873864041171165;0,596467105568446;0,0431144001920825;8,45996395346868;7,52637545185615;9,39355245508121;1724;1;0
6;0;2;0,801684224049332;0,605568655684327;0,0434166477336902;6,46746594110651;6,33338276963576;6,60154911257726;1812;0;0
6;1;0;0,736393022179393;0,561085681862270;0,0426597871060368;15,07385113956498;18,12140739855480;12,02629488057517;1031;0;1
6;1;1;0,761732421253579;0,539023201910828;0,0342724690204062;15,28157412293758;20,10360790695796;10,45954033891720;785;1;0
6;1;2;0,856163013917773;0,550347615125241;0,0474502318716082;12,47533540373892;18,64131732321773;6,30935348426012;1038;0;0
7;0;0;0,815801963380211;0,614507457510730;0,0375590701892510;8,43270267344635;6,80469104203556;10,06071430485714;1631;0;1
7;0;2;0,968303948332331;0,614769826128134;0,0280734667799372;7,84686069267242;10,17690070641783;5,51682067892702;1795;0;0
7;1;0;0,960832313341493;0,595255514893617;0,0328837403898836;17,59772812775735;24,97919920364741;10,21625705186727;987;0;1
7;1;1;0,824424342105263;0,675882890800000;0,0668628625050994;17,96805335167500;14,71330218965000;21,22280451370000;1000;1;0
8;0;0;0,753670991140542;0,629824918709328;0,0293388287164967;4,42418893558297;5,36092588758135;3,48745198358460;1844;0;1
8;0;1;0,656843883963503;0,651113363322368;0,0368157201459417;3,17597861584677;3,20843375815241;3,14352347354112;1824;1;0
8;0;2;0,823335520820904;0,587944932648649;0,0342061085890145;7,57786406702324;9,11249497530270;6,04323315874378;1850;0;0
8;1;0;0,872483883902409;0,616879623379461;0,0524064187091366;8,61225771487910;9,58636945375091;7,63814597600728;1373;0;1
8;1;2;0,640653817267140;0,588735837564767;0,0539094117314988;10,52711752245769;12,62973261968912;8,42450242522625;1158;0;0
9;0;0;0,949419820549147;0,612876746438746;0,0417461532891862;6,55200885613276;4,88641439729687;8,21760331496866;1755;0;1
9;0;1;0,878860029108275;0,622539961659600;0,0335776607369227;4,78329224226772;4,34448897206844;5,22209551246699;1651;1;0
9;0;2;0,908936292479018;0,615005939689441;0,0318628706876734;5,41001175949689;4,78175824257081;6,03826527642298;1610;0;0
9;1;0;0,777959284527846;0,581975112704650;0,0490721978562149;9,79864696534054;11,31492701218075;8,28236691850033;1527;0;1
9;1;1;0,844139509962813;0,563528888870246;0,0379368134306652;11,21271484066359;15,28493866251230;7,14049101881488;1788;1;0
9;1;2;0,644670991658943;0,567717193805919;0,0367748338917355;10,59087775253441;14,74134959896765;6,44040590610117;1453;0;0
11;0;0;0,444803572543876;0,618838056804408;0,0176234689193857;2,94219834873939;2,30659755162149;3,57779914585730;1815;0;1
11;0;1;0,392710707892845;0,594709996661007;0,0262862583335134;3,98527142711573;4,94772047508376;3,02282237914771;1767;1;0
11;0;2;0,626655936256799;0,594038662195122;0,0405785357151997;4,29982821056652;4,77812499362528;3,82153142750776;1804;0;0
11;1;0;0,714823926759018;0,595869184331337;0,0402501383707043;8,15427559406387;6,47736303732934;9,83118815079840;1002;0;1
13;0;0;0,536177842530396;0,601422683551402;0,0208173021321861;10,06229788909346;9,76044237152648;10,36415340666044;1605;0;1
13;0;1;0,711933760272420;0,588284508425980;0,0193958202113169;10,87351320972791;11,55742346829725;10,18960295115857;1709;1;0
13;0;2;0,645381288249969;0,611131571643454;0,0245652307993414;8,19210384084986;6,86612534966574;9,51808233203398;1795;0;0
13;1;0;0,753695435432832;0,634053223629630;0,0638245658525643;7,38939027523111;7,59339213255333;7,18538841790889;1350;0;1
13;1;1;0,812763839107925;0,639005382159265;0,0439029799321558;5,45256918826876;6,48896045583614;4,41617792070138;1306;1;0
13;1;2;0,619090635350798;0,649713724338624;0,0340577670536966;4,87554814443122;4,00033029005291;5,75076599880952;378;0;0
14;0;0;0,830083783687901;0,589610045167173;0,0293448776291446;12,55181872754103;16,24434219781155;8,85929525727052;1645;0;1
14;0;1;0,672960097831344;0,617999527827648;0,0320229990900828;9,11720188535308;8,71637935527828;9,51802441542789;1671;1;0
14;0;2;0,843761240130694;0,628899392473713;0,0204860793340393;7,40386826024377;9,75771014775872;5,05002637272883;1807;0;0
14;1;0;0,905170122275385;0,638278811380323;0,0502907741295195;8,74343429693466;7,45454545972100;10,03232313414831;1362;0;1
14;1;1;0,687978705297199;0,632925090541781;0,0461070152573635;9,55322921726997;7,69491789152801;11,41154054301194;1089;1;0
14;1;2;0,848460819392064;0,609960417211838;0,0448817129838228;9,04735223880062;10,18918173291589;7,90552274468536;1284;0;0
15;0;0;0,695003183952878;0,646426788592233;0,0728102140791969;8,88932169674150;6,05200640391384;11,72663698956917;1648;0;1
15;0;1;0,907136449077239;0,593427200565682;0,0399187033686916;3,81508890060968;3,33482898275927;4,29534881846009;1591;1;0
15;0;2;0,993616741247697;0,554989644372038;0,0407150791790905;3,06577612042950;2,78737081950829;3,34418142135071;1688;0;0
15;1;0;0,802558870210216;0,607889330782459;0,0512766848740198;8,92069523327257;9,97882508855890;7,86256537798624;1163;0;1
15;1;1;0,838191003594676;0,569228070819884;0,0491873090805250;8,46230391954067;11,16714070097482;5,75746713810652;1549;1;0
16;0;0;0,694490354150277;0,650045334498141;0,0623229358443540;12,03421105491487;10,38135755355093;13,68706455627881;1345;0;1
16;0;1;0,780374324502438;0,642682551069983;0,0650473629255925;6,89209532532822;6,97657107129613;6,80761957936032;1729;1;0
16;0;2;0,640790093268015;0,660299081812298;0,0469927665585265;7,61474240519061;8,09982670050485;7,12965810987638;1545;0;0
17;0;0;0,892733258663408;0,575574288645091;0,0168226393572472;2,23255405444103;2,45446012000603;2,01064798887603;1823;0;1
17;0;1;0,948045571867253;0,573385962631871;0,0146826317596842;3,53826302641644;3,80599047497779;3,27053557785508;1801;1;0
17;0;2;0,887349170437406;0,592700295950324;0,0114218513423845;3,68998778757667;5,04497420620410;2,33500136894924;1852;0;0
17;1;1;0,995780341569767;0,614506224348958;0,0224055272155922;13,97127095560417;20,72130922395833;7,22123268725000;1536;1;0
17;1;2;0,663313721768837;0,579869591904762;0,0249778228500641;9,00123443256429;10,11177431185034;7,89069455327823;1470;0;0
18;0;0;0,722811764189713;0,589325211677534;0,0276736772161229;15,04343833040901;19,81672225643154;10,27015440438648;1687;0;1
18;0;1;0,955442561205273;0,574770546777055;0,0322317861425548;12,04007373361325;19,72029591726789;4,35985154995860;1691;1;0
18;0;2;0,855908062279877;0,579304892712551;0,0302013669986118;16,36981873297065;24,29984712145749;8,43979034448381;1482;0;0
18;1;0;0,862908861774646;0,649077055016722;0,0555548870797049;16,22117705021823;19,47541876386622;12,96693533657023;1196;0;1
18;1;1;0,915275497172049;0,615571520058997;0,0414826991577653;16,43943522129056;23,47034055575221;9,40852988682891;678;1;0
18;1;2;0,767702323578399;0,632142842874324;0,0490427950999020;12,98666949229044;16,95020417757667;9,02313480700421;1663;0;0
19;0;0;0,658176974661811;0,557135848398329;0,0442930223596130;9,87358899133043;11,46831109117688;8,27886689148398;1436;0;1
19;0;1;0,898777056174748;0,630480386287832;0,0637316174148710;6,20481649114855;6,06737149962384;6,34226148267325;1619;1;0
19;0;2;0,676988205759757;0,562471602351314;0,0537618951284424;9,63891790634855;12,84006616804979;6,43776964464730;1446;0;0
19;1;0;0,904109429433628;0,623108061042945;0,0531943273194930;8,14152208740836;7,87888727379678;8,40415690101994;1304;0;1
19;1;1;0,904508113736947;0,583467814207650;0,0420840567948430;8,14474042122514;9,09559696410273;7,19388387834754;915;1;0
19;1;2;0,832438363197932;0,550966725000000;0,0487105730452987;12,77092109489034;15,91172138664446;9,63012080313623;1336;0;0
20;0;0;0,816614462458953;0,707259999019608;0,0433164854582932;11,41842669092964;15,70824797462514;7,12860540723414;1734;0;1
20;0;1;0,794812071194193;0,695638401779096;0,0602524614930571;11,47513760718606;11,17137711251816;11,77889810185397;1349;1;0
20;0;2;0,940109676001397;0,714764742613636;0,0433287933520259;10,90641121534375;13,20613317965909;8,60668925102841;1760;0;0
20;1;0;0,747903046320768;0,622686736999068;0,0622835917465039;6,90716450704567;8,14627303180801;5,66805598228332;1073;0;1
20;1;1;0,836305083875532;0,666769042481203;0,0555112523750641;5,42611613792262;6,41760365028759;4,43462862555764;1596;1;0
20;1;2;0,805811463499291;0,638854138657407;0,0519289705130564;6,57291915227112;8,56735850250521;4,57847980203704;1728;0;0
21;0;0;0,828330319469560;0,608308536306461;0,0244041554284086;17,98895060739279;23,06812887167524;12,90977234311035;1749;0;1
21;0;1;0,569988809077660;0,612264213317619;0,0205148197007359;15,68345854605775;21,93917896169711;9,42773813041839;1697;1;0
21;0;2;0,577270018684198;0,612065156784741;0,0128307642222270;16,11559144168938;20,42810977656676;11,80307310681199;1835;0;0
21;1;0;0,857835719257892;0,590083066635774;0,0563980420001082;12,21011035643559;17,83079932219463;6,58942139067655;1079;0;1
21;1;1;0,917695384341166;0,602630565339233;0,0516196728796277;11,85364790694322;16,40254291376106;7,30475290012537;1356;1;0
21;1;2;0,825827255694399;0,615125846332046;0,0620770900389952;11,18634254330984;14,37492903239189;7,99775605422780;1036;0;0
22;0;0;0,850338062708005;0,602921839824465;0,0303155053649509;4,27765010969720;2,98640397841251;5,56889624098190;1823;0;1
22;0;1;0,788049278608604;0,616157562831858;0,0258994548081660;5,38085363625277;4,38570527388827;6,37600199861726;1808;1;0
22;0;2;0,666533546325879;0,614219593058824;0,0237636280724876;3,60670881189559;3,34083744137941;3,87258018241176;1700;0;0
22;1;0;0,525233007501705;0,557223434170472;0,0417032832114735;10,81664258829566;10,83487179149239;10,79841338509893;1314;0;1
22;1;1;0,744721242880942;0,590120079937500;0,0421112742080827;9,88325450747000;9,98102030517500;9,78548870976500;1600;1;0
22;1;2;0,718674796747968;0,579270480371517;0,0490210894602653;9,34219122043839;9,50978696292012;9,17459547795666;1615;0;0
23;0;0;0,883774397535865;0,607340424917492;0,0306053698604553;9,61500614285479;13,46411509404290;5,76589719166667;1212;0;1
23;0;1;0,940004520795660;0,612370383171706;0,0247797817265821;8,90158933154991;14,48662294626355;3,31655571683628;1753;1;0
23;0;2;0,788544524436978;0,601205152735230;0,0207672084569260;7,68930124952216;11,16013647447265;4,21846602457166;1828;0;0
23;1;0;0,904999456074098;0,620788554239878;0,0429111831603668;6,96891675568220;7,40229507976318;6,53553843160122;1309;0;1
24;0;0;0,869835392740589;0,656731221403092;0,0559676388606811;12,49031626653983;13,51584017479192;11,46479235828775;1682;0;1
24;0;1;0,753274569919945;0,627608297729790;0,0247723978809850;7,62700183707752;9,64987847108693;5,60412520306811;1806;1;0
24;0;2;0,963379372453650;0,628583087458380;0,0283664914716725;8,08389109696726;9,70576105554939;6,46202113838513;1802;0;0
24;1;0;0,841104748548946;0,535465382164634;0,0275316883700763;13,66203975099848;21,26705052271342;6,05702897928354;656;0;1
24;1;1;0,463533341023824;0,535548958528428;0,0212016170631042;11,92227498133988;16,46331546446488;7,38123449821488;1196;1;0
24;1;2;0,723900637797919;0,545730743964232;0,0292790381542769;13,88287700443368;14,61970946445604;13,14604454441133;671;0;0
25;0;0;0,753260980505563;0,596260013340684;0,0505108612493239;6,19641949154961;5,69997183578942;6,69286714730981;1814;0;1
25;0;1;0,915832283304706;0,649563913289401;0,0299767765396628;7,48209471546595;10,61902157988907;4,34516785104283;1821;1;0
25;0;2;0,910282618152496;0,607221482461185;0,0467321707700263;11,68171584424382;9,92878839381829;13,43464329466935;1739;0;0
25;1;0;0,933534547247074;0,678075700362319;0,0451480358157933;6,36079352376993;5,62330950737681;7,09827754016304;1104;0;1
25;1;1;0,815888746106767;0,643529000630694;0,0521722764880437;7,54847698685950;6,12162475305326;8,97532922066573;1427;1;0
26;1;1;0,867178474811728;0,615051246387833;0,0640787258344529;8,75646871464924;7,49635432922053;10,01658310007795;526;1;0
26;1;2;0,697537597537598;0,592138499432279;0,0603905418218105;7,85425644836983;8,62576209807786;7,08275079866180;1233;0;0
27;0;0;0,925728170409232;0,685944353187919;0,0305418125114560;4,45056803284983;3,06949208053188;5,83164398516779;1788;0;1
27;0;1;0,814013823574880;0,671136764549972;0,0217580373058013;6,89128815847874;7,90494015969078;5,87763615726670;1811;1;0
27;0;2;0,895963837596560;0,687559977922784;0,0310951676141314;4,81066534225530;6,74172066889614;2,87961001561446;1839;0;0
27;1;1;0,941698081291383;0,697854500658256;0,0401597678248584;6,04619591460176;7,19362795065277;4,89876387855074;1823;1;0
27;1;2;0,875887742184650;0,715209531192130;0,0355418123444738;3,41745585445920;3,79407805741551;3,04083365150289;1728;0;0
28;0;0;0,883149737415140;0,619050344342291;0,0411771490727169;11,56019703395827;15,67422982489392;7,44616424302263;1414;0;1
28;0;1;0,551960174237710;0,631617703069926;0,0362530122337561;6,62772815576663;9,34897333027800;3,90648298125526;1759;1;0
28;0;2;0,972490966313090;0,637147503872832;0,0392803443205800;10,74233452994740;13,69322829138728;7,79144076850751;1730;0;0
28;1;1;0,966751172888073;0,618639217610497;0,0642454360196683;9,29246849293577;8,56207609950276;10,02286088636878;1448;1;0
28;1;2;0,910204566502296;0,669947043871400;0,0564284744162491;9,28884959918252;9,97665755480174;8,60104164356330;1493;0;0
29;1;0;0,750725647277371;0,563215083155300;0,0508521184626478;13,49817584257518;13,71634450836648;13,28000717678390;1217;0;1
29;1;1;0,723587167484873;0,548879960642093;0,0335396964656926;11,44149356165279;13,71081572425684;9,17217139904875;841;1;0
29;1;2;0,933149374540103;0,531526807585335;0,0298999120433141;11,57473486430721;15,11696912136536;8,03250060724905;791;0;0
30;0;0;0,807764408585279;0,630009571498638;0,0244451321345359;7,25759781691771;8,87661303106267;5,63858260277275;1835;0;1
30;0;1;0,722130677220498;0,609386727792483;0,0385996728849323;4,87936417503706;6,12084866943886;3,63787968063526;1889;1;0
30;0;2;0,809477969214049;0,615639775501114;0,0300247502399411;4,80242933377422;6,25530294500891;3,34955572253953;1796;0;0
30;1;0;0,897266895803849;0,597266629763961;0,0407156199208458;7,49287324097496;10,17465318820553;4,81109329374439;1737;0;1
30;1;1;0,974072485040081;0,605805550105708;0,0520251281168231;7,93660805305497;5,52151865937738;10,35169744673256;946;1;0
30;1;2;0,979045445902263;0,576220629920814;0,0215343486166833;6,39303549034502;6,59549813982466;6,19057284086538;1768;0;0
31;0;0;0,765770137750554;0,666988127850163;0,0226566826891596;4,85793971849050;5,71173867759718;4,00414075938382;1842;0;1
31;0;1;0,693325258000876;0,658136225876461;0,0254964031764715;9,62752984783250;10,59791295002782;8,65714674563717;1797;1;0
31;0;2;0,868611518036990;0,624378529801735;0,0280050643646512;13,52834806830297;23,00805885192069;4,04863728468525;1614;0;0
31;1;0;0,972295399213434;0,591986176956522;0,0572254668450332;9,88733192602645;9,85385172866956;9,92081212338333;1380;0;1
31;1;1;0,883961928482476;0,603624194156379;0,0599734535759240;9,29669121616173;9,54696153682552;9,04642089549794;1215;1;0
31;1;2;0,950490021286481;0,573283225579937;0,0540433595298850;11,78342981600125;11,82401574822194;11,74284388378056;1595;0;0
32;1;0;0,900643949632833;0,646895200000000;0,0290525048975227;4,00459412705624;4,67612960127283;3,33305865283964;1796;0;1
32;1;1;0,902512892693233;0,631192496380619;0,0444074550774328;6,23158543039200;5,76962462165207;6,69354623913193;1713;1;0
32;1;2;0,865310853530032;0,619770092051140;0,0470134790102372;7,57800995011506;8,61234092028460;6,54367897994553;1799;0;0
33;0;0;0,919274789830852;0,612683644394213;0,0272608420596713;9,94020031164286;17,17221148372514;2,70818913956058;1106;0;1
33;0;1;0,776872653344931;0,615443317161017;0,0481583258758946;14,66166339590395;21,91354167612994;7,40978511567797;1416;1;0
33;0;2;0,844623039181812;0,627657685316309;0,0349014844635104;14,08209545603018;20,23117574579222;7,93301516626814;1723;0;0
33;1;0;0,839071195547879;0,559756632692308;0,0344778364379250;14,69734486721154;18,44063931432692;10,95405042009615;624;0;1
33;1;1;0,416140265630062;0,597532881877445;0,0531777889341411;10,21552997360495;13,71661204446349;6,71444790274641;1534;1;0
34;0;0;0,693641304347826;0,649474560089435;0,0442510755313392;8,33186732955562;12,60349844556736;4,06023621354388;1789;0;1
34;0;1;0,450718685831622;0,649204131364903;0,0243034572386529;4,08423877619666;4,95334754963788;3,21513000275543;1795;1;0
34;1;0;0,934227941176471;0,629306539516129;0,0335962203977145;6,76046545884793;8,70923751476959;4,81169340292627;868;0;1
34;1;2;0,762584757535470;0,661731879525222;0,0513434345098786;7,40609914886906;7,85219363137240;6,96000466636573;1348;0;0
35;0;0;0,762141142965257;0,576164141826135;0,0144172018794663;5,65139103510689;8,79849336271733;2,50428870749645;1829;0;1
35;0;1;0,920252579701217;0,623358873115981;0,0245631467245840;3,63455197501069;2,29303807061251;4,97606587940887;1871;1;0
35;0;2;0,960784916802510;0,613510730808081;0,0260860782793334;3,60029810586728;3,20765190548765;3,99294430624691;1782;0;0
35;1;0;0,767233307228711;0,583253580306346;0,0516275510716828;10,15830890776222;11,54079044761050;8,77582736791393;1371;0;1
35;1;1;0,652797697633996;0,611251933689503;0,0488536374588273;9,02684909013419;7,45282003098492;10,60087814928347;1591;1;0
35;1;2;0,547004528039011;0,608381384951456;0,0355533718580922;5,84434381687803;6,94161493638350;4,74707269737257;1648;0;0
36;0;0;0,783882597877418;0,622932710998878;0,0264627652980239;2,60705931863664;2,17075764358866;3,04336099368462;1782;0;1
36;0;1;0,790933599363428;0,600684729821261;0,0212108801714859;4,71000048675800;3,14932512218015;6,27067585133584;2126;1;0
36;0;2;0,868143374949658;0,624740937614679;0,0117233990556608;2,59304476077854;1,92749826126147;3,25859126029562;1962;0;0
36;1;0;0,799624005115996;0,642089317226891;0,0614710303289178;5,72941650215816;6,24223736442677;5,21659563988956;1666;0;1
36;1;1;0,927693130179096;0,608963151567712;0,0370696999852771;9,01130447242295;10,71732538476651;7,30528356007939;1499;1;0
36;1;2;0,613826916416532;0,636794188405797;0,0615151202659451;7,87666837138623;9,11902725054420;6,63430949222826;1380;0;0
37;0;0;0,908973644458679;0,625061117212660;0,0240229095479950;7,30128008182343;11,21722933453637;3,38533082911049;1801;0;1
37;0;1;0,915282429280545;0,626243397706172;0,0198969633679737;9,40979757723184;13,03166951283452;5,78792564162916;1831;1;0
37;0;2;0,866712253654929;0,630842428785358;0,0262727879687982;10,34214114861814;12,51920096838602;8,16508132885025;1803;0;0
37;1;0;0,906382269771798;0,643078706697674;0,0737735197172983;14,31958869913302;12,87012451272186;15,76905288554419;1075;0;1
37;1;1;0,695866666666667;0,598197729230769;0,0744414195481693;11,76352683329670;13,35941141384615;10,16764225274725;455;1;0
37;1;2;0,883825530212085;0,601475377684887;0,0430037291021300;13,95180966580386;16,56215543778135;11,34146389382637;1555;0;0
38;0;0;0,827557223429236;0,609827762034464;0,0273996427213112;9,91204516459339;14,94416496564758;4,87992536353919;1799;0;1
38;0;1;0,582739818482141;0,578230079239590;0,0392346073087036;12,40115115377701;16,24635369435848;8,55594861319553;1657;1;0
38;0;2;0,152485180118559;0,568899066219239;0,0328722614636597;12,47465432102983;19,64554423604773;5,30376440601193;1341;0;0
38;1;0;0,811910408432148;0,574242766370370;0,0517598569372534;11,91953721951111;13,15562393038519;10,68345050863704;675;0;1
38;1;1;0,749976270051806;0,552627853511948;0,0422450881285575;11,59422773649167;14,58164538703838;8,60681008594497;1381;1;0
38;1;2;0,858999495505412;0,561729241652893;0,0295244520203884;14,26030444879339;13,34531325619835;15,17529564138843;1210;0;0
39;0;0;0,362187168075562;0,603343648023256;0,0364786719033618;13,30751138859884;14,32999712081395;12,28502565638372;1720;0;1
39;0;1;0,507664884135472;0,637263604963748;0,0393391530235178;4,77827976395092;3,72849844539320;5,82806108250864;1793;1;0
39;1;0;0,917603721330429;0,589172152375566;0,0475136020972280;8,22287282885747;9,52787632919683;6,91786932851810;884;0;1
39;1;1;0,907000259268862;0,540667600000000;0,0503858051060606;13,82436325192205;15,10130275129318;12,54742375255093;1129;1;0
39;1;2;0,993674662847595;0,535007699761905;0,0360268605371674;12,78732989505595;16,23830506273810;9,33635472737381;420;0;0
40;0;0;0,744541055367464;0,644040159739555;0,0565300309526710;5,71401719532773;7,22750371388334;4,20053067677211;1843;0;1
40;0;1;0,912093689106317;0,623842229196643;0,0460340399270116;7,03190343997722;8,27659883658873;5,78720804336571;1668;1;0
40;0;2;0,863635144198524;0,629669301842546;0,0385269323542734;9,19682728075851;12,36755305147962;6,02610151003741;1791;0;0
40;1;0;0,639442299442299;0,631338573256484;0,0290798036139560;11,14796109890115;10,19941670225360;12,09650549554870;1735;0;1
40;1;1;0,924776220159035;0,616553590306122;0,0335988250739511;11,36829615866358;14,85998477213010;7,87660754519707;1568;1;0
40;1;2;0,948512369329738;0,620639160561915;0,0195001205236894;8,51055845966701;8,61794419656608;8,40317272276795;961;0;0
41;0;0;0,898995318983668;0,677436633897380;0,0320587279702948;5,66945777876310;7,72198333406114;3,61693222346507;1832;0;1
41;0;1;0,867811146569410;0,662685330204962;0,0316826256147097;6,08018240675216;9,88118514994606;2,27917966355825;1854;1;0
41;0;2;0,514921567248171;0,618166956273764;0,0111931060948676;7,05117119836122;10,51756699185225;3,58477540487018;1841;0;0
41;1;0;0,868180568418615;0,635981443489755;0,0459246348366839;6,44175980243754;6,96127641090549;5,92224319396960;1513;0;1
41;1;1;0,729364383767885;0,614314500655201;0,0631804677722750;8,34622783178952;9,25107894239312;7,44137672118591;1221;1;0
41;1;2;0,797496343164268;0,608706630037547;0,0583557854432409;11,02667409876095;9,56758655608260;12,48576164143930;799;0;0
42;1;0;0,997770270270270;0,635970660693642;0,0583281532654126;6,71395411011994;8,62748642243642;4,80042179780347;346;0;1
42;1;1;0,956718522561863;0,590925572294618;0,0160695461139814;13,20425884595099;21,69211822152975;4,71639947037224;1765;1;0
42;1;2;0,586374886431279;0,593803057550535;0,0411574700676233;10,06083523555410;13,53065774007729;6,59101273103092;1682;0;0
43;0;0;0,882248058417649;0,612922334617855;0,0400899087747811;14,00370308278420;11,84556030603083;16,16184585953757;1557;0;1
43;0;1;0,905899792578260;0,603946325237530;0,0464012256646905;12,58300783265439;15,39291203182898;9,77310363347981;1684;1;0
43;0;2;0,931010912579446;0,614126549072513;0,0361287721425538;11,77956072074480;15,06228839347948;8,49683304801012;1779;0;0
44;0;0;0,800490279686836;0,626241981504178;0,0441581710668145;7,24473486409471;6,48387331148747;8,00559641670195;1795;0;1
44;0;1;0,846641273783962;0,603321758978979;0,0304214701721793;9,57588968308679;6,38322240505105;12,76855696112252;1665;1;0
44;0;2;0,513698664386473;0,613419458130312;0,0231926506344683;7,79953372428159;7,53277618334957;8,06629126521360;1765;0;0
44;1;0;0,949165735946120;0,627953070756302;0,0501638895368508;10,11876493275630;7,46170173341176;12,77582813210084;595;0;1
44;1;1;0,663407684952091;0,626181028458498;0,0557834883023037;11,33060963204941;9,87731131483399;12,78390794926482;1265;1;0
44;1;2;0,627565432952842;0,643927093211334;0,0408128026050635;7,00517101584770;7,08863103390732;6,92171099778808;1694;0;0
45;0;0;0,723157074291340;0,630389482525510;0,0283319197053462;7,46020151500446;3,85367774582526;11,06672528418367;1568;0;1
45;0;1;0,613265221924672;0,617145918368902;0,0391067812977255;7,12146458949657;3,46351980844055;10,77940937055259;1312;1;0
45;0;2;0,913795847829547;0,625917250057405;0,0364156150719995;8,47648121667193;3,85143260677095;13,10152982657291;1742;0;0
46;0;0;0,895027319578744;0,650042260312688;0,0312066311556080;4,61243824558328;2,86851859693265;6,35635789423391;1663;0;1
46;0;1;0,774294446450135;0,616755664997248;0,0288619182199157;6,48730257847881;4,33875666740341;8,63584848955421;1817;1;0
46;0;2;0,766779601612244;0,570283282372323;0,0175526151535868;3,16882819768287;3,40257101619605;2,93508537916969;1821;0;0
46;1;1;0,891841888765853;0,637983306823144;0,0240039891127281;4,87461886149099;4,33888227064956;5,41035545233242;1832;1;0
46;1;2;0,863004588554529;0,651049085641605;0,0516014194960206;6,76123089063906;6,72087431479819;6,80158746647993;1769;0;0
47;0;0;0,964182194616977;0,673877877183320;0,0362257077470193;11,61787201322463;6,70296697832415;16,53277704812510;1271;0;1
47;0;1;0,837365314402247;0,686319968596395;0,0406239487691849;3,99137191202649;4,10354952072256;3,87919430333042;1831;1;0
47;0;2;0,922084276777833;0,635967512635379;0,0714162956577973;13,06353200719531;15,73279986703971;10,39426414735090;1385;0;0
47;1;0;0,575683521431322;0,574018387375000;0,0555876537182064;11,17294494316875;13,59322086292500;8,75266902341250;800;0;1
47;1;1;0,929254571026723;0,617027439169909;0,0928858155689239;16,37279080483139;16,46692716415046;16,27865444551232;771;1;0
47;1;2;0,947769056657038;0,636341941064426;0,0592181777713482;11,31480661266947;10,87995764327171;11,74965558206723;1785;0;0
48;0;0;0,813074792378026;0,610676218526663;0,0209076924975549;9,86539299796592;13,76660206767455;5,96418392825728;1819;0;1
48;0;1;0,773397187993346;0,613838926253521;0,0233110513150967;8,38570163157183;10,01020046861972;6,76120279452394;1775;1;0
48;0;2;0,799800967175133;0,625183571231364;0,0221892882744038;8,27707973672474;14,15628322633904;2,39787624711044;1811;0;0
48;1;0;0,719271038005951;0,639877714799154;0,0452697427832861;12,67104369439218;16,07182024723044;9,27026714155391;946;0;1
48;1;1;0,909777796517266;0,612615607748184;0,0397064551830249;9,21934697434322;13,02098873662591;5,41770521206053;826;1;0
48;1;2;0,878305882352941;0,636475835657143;0,0312561295065545;7,23749118432343;8,78821583585714;5,68676653278971;1750;0;0
49;1;0;0,759704804261766;0,588847945917160;0,0527590258112285;10,45541616347130;13,27499117327219;7,63584115367041;1690;0;1
49;1;2;0,833660811001743;0,588744243847073;0,0485990050509045;12,50348434448327;14,85243313626045;10,15453555270609;1674;0;0
51;0;0;0,926269439760165;0,702460180792853;0,0483324873587726;10,00928337008347;11,19987718369626;8,81868955647069;1791;0;1
51;0;1;0,757440764413455;0,680781712132753;0,0180059157604993;5,81982716694777;5,17065625386289;6,46899808003264;1838;1;0
51;0;2;0,864479347353372;0,686042840542005;0,0193830045478431;6,93243393940379;8,62998737181572;5,23488050699187;1845;0;0
51;1;1;0,916267047044128;0,592164289403509;0,0389903340459779;11,63616832247123;13,25482857027368;10,01750807466877;1425;1;0
51;1;2;0,902527655892714;0,606099632885086;0,0475961582446820;6,39757885525520;8,56586884992665;4,22928886058374;1636;0;0
53;0;0;0,963078875399877;0,635707739073569;0,0238650895561132;9,01552746231117;14,31312856839237;3,71792635622997;1835;0;1
53;0;2;0,822848055812045;0,635753703926842;0,0304931714498996;5,03203406649570;7,39864492710597;2,66542320588542;1859;0;0
53;1;0;0,781334107826233;0,643833200390190;0,0476331303869656;8,06485996268311;8,29340371730602;7,83631620806020;1794;0;1
53;1;1;0,909587220447284;0,647330720652174;0,0285860916259329;7,96722561861829;7,06050131368159;8,87394992355499;1564;1;0
53;1;2;0,866695128138496;0,640800193312435;0,0517635511625469;7,68974698908046;5,33234284123302;10,04715113692790;957;0;0
54;1;0;0,928787582975400;0,582862753695955;0,0463604468300140;8,64623964987238;10,41847509816876;6,87400420157601;717;0;1
54;1;1;0,854802625037287;0,584240308289474;0,0521656423413022;9,35708208049868;12,05986548302632;6,65429867797105;760;1;0
54;1;2;0,732415526286825;0,634053699274958;0,0527198829749089;9,39703136622922;7,49740625185053;11,29665648060792;1793;0;0
55;0;0;0,952524546758357;0,625271155300860;0,0725353270971772;6,88188081374699;4,06464465211289;9,69911697538109;1745;0;1
55;0;1;0,863469880666741;0,616133259004584;0,0408628537259522;6,70806568263458;3,01514308318206;10,40098828208710;1527;1;0
55;0;2;0,783423736582757;0,618663578307509;0,0425773979711425;5,67173324263826;3,19891439854827;8,14455208672825;1678;0;0
55;1;0;0,925640359986154;0,653497641510742;0,0492226925522683;7,82418525039501;6,73249642184338;8,91587407894664;1443;0;1
55;1;1;0,843595588785341;0,622019155246699;0,0756237605282240;9,45553370173593;10,16984801040723;8,74121939306463;1439;1;0
55;1;2;0,958969251327799;0,673463471683673;0,0654019216884057;8,97366680951881;7,00658351665434;10,94075010238329;1568;0;0
56;0;0;0,932403228765364;0,611294050535211;0,0125953076438033;10,32683345488451;18,54807190985915;2,10559499990986;1775;0;1
56;0;1;0,775908838102943;0,579129218943227;0,0250645281769240;12,75287108598229;15,46309045243789;10,04265171952670;1779;1;0
56;0;2;0,677789920689440;0,556124253751538;0,0317317475428678;12,41562326492097;14,02790653502460;10,80333999481734;1626;0;0
57;1;0;0,798735268755389;0,597641887835926;0,0561816089291886;15,42413924949363;15,51960051340028;15,32867798558699;707;0;1
57;1;1;0,975813532254385;0,649511322572614;0,0698869061479993;9,86915093938008;8,56947255760664;11,16882932115353;1205;1;0
57;1;2;0,628241245992065;0,659406279545454;0,0451992875342963;10,78637442830572;6,98937497457331;14,58337388203812;1364;0;0
58;0;0;0,915711914446092;0,652347979352004;0,0400561485527961;12,17519618715458;16,41838394838001;7,93200842592916;1821;0;1
58;0;1;0,888381183703676;0,624396356641432;0,0466046887548052;13,51543023354852;20,95794995732966;6,07291050976738;1453;1;0
58;0;2;0,938139983698860;0,642570015426696;0,0282632164779123;10,03365305121991;13,77615429803063;6,29115180440919;1828;0;0
59;0;1;0,722543902439024;0,563234491923077;0,0316093993376321;6,97558299901868;8,22975580113242;5,72141019690495;1820;1;0
59;0;2;0,712371615312792;0,551559588957476;0,0325029440310405;7,04205218214369;8,16748595496776;5,91661840931962;1458;0;0
59;1;0;0,773448966664435;0,595163931564400;0,0334420689553596;4,08883859146932;4,03764035099005;4,14003683194859;1809;0;1
59;1;1;0,603879107122535;0,587026352412281;0,0429290695748982;6,15426389222807;5,40524579694518;6,90328198751097;912;1;0
59;1;2;0,901884344886189;0,609088701317440;0,0377605060642602;4,80734712999561;4,43005618787955;5,18463807211167;1594;0;0
60;0;0;0,974163898224646;0,672128700221117;0,0358936826710786;3,90700583302239;3,90539009472084;3,90862157132394;1809;0;1
60;0;1;0,842550705719994;0,701803776229961;0,0418394349077914;6,71088722764428;8,84328298064124;4,57849147464732;1809;1;0
60;0;2;0,861287371102154;0,689996347778387;0,0285007277974972;5,33290553376687;7,52393218529896;3,14187888223478;1823;0;0
60;1;0;0,988543320569098;0,643602457983193;0,0488628861181483;9,95974608896759;5,59274622010324;14,32674595783193;833;0;1
60;1;1;0,800377255515918;0,640005949650838;0,0504383494654861;5,84600684758973;4,90766986035545;6,78434383482402;1432;1;0
60;1;2;0,768293284354970;0,662685453529412;0,0515183889268325;7,17327729918559;5,40542008342412;8,94113451494706;1700;0;0
61;0;0;0,778142545718336;0,642954199171271;0,0238848252064188;10,34389682611961;16,99961023756906;3,68818341467017;1810;0;1
61;0;1;0,777884959009896;0,616334131786543;0,0467563839955603;10,92500529191995;13,25830496142691;8,59170562241299;1724;1;0
61;0;2;0,810179882189659;0,669492524821527;0,0223473769166990;6,14372389145140;9,52875448599671;2,75869329690610;1821;0;0
61;1;0;0,871045845272206;0,591797622563418;0,0675211524749783;10,71299993090120;11,36279519344459;10,06320466835781;749;0;1
61;1;1;0,391316064037809;0,602382978303748;0,0529292531025912;10,31630345312294;12,06644812290598;8,56615878333991;1521;1;0
63;0;0;0,891413562728058;0,631448288295538;0,0426315815126257;11,50378943788954;18,68101225018288;4,32656662559620;1367;0;1
63;0;1;0,824083213437280;0,656339887513691;0,0265352039649925;8,34943011668428;14,43756439851041;2,26129583485816;1826;1;0
63;0;2;0,945315829757418;0,622171129405163;0,0172757358843789;11,09310126121549;18,38750861223345;3,79869391019753;1782;0;0
63;1;0;0,694974043676228;0,633187447823629;0,0521084684063552;6,78167687535839;8,64820067931204;4,91515307140475;1769;0;1
63;1;1;0,936166757234904;0,631901392882066;0,0456272576322223;6,36388177773273;6,95244258066294;5,77532097480251;1433;1;0
63;1;2;0,866511960261960;0,624763980263158;0,0524614005281167;6,94030438112796;7,51725572773421;6,36335303452171;1520;0;0
66;0;0;0,899898190931161;0,592222727686473;0,0324436760525561;5,61614634358091;4,90276407020038;6,32952861696144;1582;0;1
66;0;1;0,639605485972326;0,600821563710334;0,0354932236288055;8,05519160700692;9,34694237486574;6,76344083914809;1229;1;0
66;0;2;0,820188927943761;0,618834432120873;0,0290363205120433;7,01352285346866;4,92705817066816;9,09998753626917;1787;0;0
66;1;1;0,457217318200925;0,552565772580645;0,0373229607660779;11,58452479505415;14,39614187661290;8,77290771349539;868;1;0
66;1;2;0,679059592316650;0,563392589876543;0,0496184761594802;11,38651575177366;14,98845109043621;7,78458041311111;1215;0;0
